TransactionId,BookingDate,ValueDate,Account,Counterparty,Description,Amount,Currency,Balance
TX20260601-3974,2026-06-01,2026-06-02,XA00-5855,Cliente 1042,Ingreso por servicios 6772,3644.91,XTS,33138.78
TX20260601-3975,2026-06-01,2026-06-03,XA00-5855,Transportes Ruta 9,Transferencia nómina,-7212.35,XTS,25926.43
TX20260601-3976,2026-06-01,2026-06-03,XA00-5855,Cliente 1042,Devolución pedido 9576,6084.92,XTS,32011.35
TX20260601-3977,2026-06-01,2026-06-01,XA00-5855,Papelería Central,Transferencia nómina,-5535.58,XTS,26475.77
TX20260601-3978,2026-06-01,2026-06-03,XA00-5855,"Taller ""El Puente""",Cobro factura 9359,7397.02,XTS,33872.79
TX20260601-3979,2026-06-01,2026-06-03,XA00-5855,"Taller ""El Puente""",Cobro factura 7949,4476.53,XTS,38349.32
TX20260602-3980,2026-06-02,2026-06-02,XA00-5855,Consultoría Vega y Asociados,Devolución pedido 5531,1374.94,XTS,39724.26
TX20260602-3981,2026-06-02,2026-06-03,XA00-5855,Suministros Atlántico S.A.,Ingreso por servicios 1345,536.79,XTS,40261.05
TX20260602-3982,2026-06-02,2026-06-03,XA00-5855,Consultoría Vega y Asociados,Pago factura 9042,-5091.94,XTS,35169.11
TX20260603-3983,2026-06-03,2026-06-03,XA00-5855,Consultoría Vega y Asociados,Cobro factura 5665,5519.35,XTS,40688.46
TX20260603-3984,2026-06-03,2026-06-03,XA00-5855,Suministros Atlántico S.A.,Devolución pedido 1576,1635.50,XTS,42323.96
TX20260603-3985,2026-06-03,2026-06-05,XA00-5855,"Taller ""El Puente""",Devolución pedido 9212,6022.33,XTS,48346.29
TX20260603-3986,2026-06-03,2026-06-04,XA00-5855,Nóminas internas,Devolución pedido 3927,6076.24,XTS,54422.53
TX20260604-3987,2026-06-04,2026-06-06,XA00-5855,Papelería Central,Ingreso por servicios 3918,5419.05,XTS,59841.58
TX20260605-3988,2026-06-05,2026-06-06,XA00-5855,Nóminas internas,Transferencia nómina,-9002.66,XTS,50838.92
TX20260605-3989,2026-06-05,2026-06-06,XA00-5855,Suministros Atlántico S.A.,Pago factura 6346,-8159.02,XTS,42679.90
TX20260606-3990,2026-06-06,2026-06-06,XA00-5855,Suministros Atlántico S.A.,Ingreso por servicios 1200,1235.21,XTS,43915.11
TX20260606-3991,2026-06-06,2026-06-06,XA00-5855,Suministros Atlántico S.A.,Cobro factura 3173,514.33,XTS,44429.44
TX20260606-3992,2026-06-06,2026-06-08,XA00-5855,Papelería Central,Devolución pedido 6720,8379.80,XTS,52809.24
TX20260606-3993,2026-06-06,2026-06-07,XA00-5855,"Taller ""El Puente""",Devolución pedido 4914,3874.08,XTS,56683.32
TX20260607-3994,2026-06-07,2026-06-09,XA00-5855,"Distribuciones Norte, S.L.",Devolución pedido 4510,2873.89,XTS,59557.21
TX20260608-3995,2026-06-08,2026-06-10,XA00-5855,Transportes Ruta 9,Ingreso por servicios 7786,8208.08,XTS,67765.29
TX20260608-3996,2026-06-08,2026-06-09,XA00-5855,Transportes Ruta 9,Recibo suministro eléctrico,-3551.88,XTS,64213.41
TX20260608-3997,2026-06-08,2026-06-08,XA00-5855,"Distribuciones Norte, S.L.",Devolución pedido 7175,4488.14,XTS,68701.55
TX20260608-3998,2026-06-08,2026-06-09,XA00-5855,Consultoría Vega y Asociados,Cobro factura 7806,6209.40,XTS,74910.95
TX20260608-3999,2026-06-08,2026-06-09,XA00-5855,Nóminas internas,Transferencia nómina,-8762.85,XTS,66148.10
TX20260609-4000,2026-06-09,2026-06-11,XA00-5855,Cliente 1042,Transferencia nómina,-4789.81,XTS,61358.29
TX20260609-4001,2026-06-09,2026-06-09,XA00-5855,Suministros Atlántico S.A.,Comisión mantenimiento,-1809.71,XTS,59548.58
TX20260610-4002,2026-06-10,2026-06-12,XA00-5855,Cliente 1042,Recibo suministro eléctrico,-6380.86,XTS,53167.72
TX20260610-4003,2026-06-10,2026-06-11,XA00-5855,"Distribuciones Norte, S.L.",Transferencia nómina,-862.76,XTS,52304.96
TX20260610-4004,2026-06-10,2026-06-10,XA00-5855,Suministros Atlántico S.A.,Devolución pedido 6517,6299.36,XTS,58604.32
TX20260610-4005,2026-06-10,2026-06-11,XA00-5855,"Taller ""El Puente""",Recibo suministro eléctrico,-6571.47,XTS,52032.85
TX20260611-4006,2026-06-11,2026-06-12,XA00-5855,Consultoría Vega y Asociados,Ingreso por servicios 5080,1809.72,XTS,53842.57
TX20260612-4007,2026-06-12,2026-06-14,XA00-5855,Papelería Central,Pago factura 6853,-101.74,XTS,53740.83
TX20260612-4008,2026-06-12,2026-06-13,XA00-5855,Consultoría Vega y Asociados,Pago factura 8599,-1280.77,XTS,52460.06
TX20260613-4009,2026-06-13,2026-06-15,XA00-5855,Transportes Ruta 9,Cobro factura 9556,6448.16,XTS,58908.22
TX20260613-4010,2026-06-13,2026-06-13,XA00-5855,Papelería Central,Cobro factura 3348,460.05,XTS,59368.27
TX20260614-4011,2026-06-14,2026-06-15,XA00-5855,Transportes Ruta 9,Devolución pedido 9669,3422.14,XTS,62790.41
TX20260614-4012,2026-06-14,2026-06-15,XA00-5855,Cliente 1042,Ingreso por servicios 7780,5362.81,XTS,68153.22
TX20260614-4013,2026-06-14,2026-06-15,XA00-5855,Nóminas internas,Devolución pedido 1749,3173.44,XTS,71326.66
